vd,velocity,depth
Flood maps/VelocityXDepth/Concongella_2015/Concongella_2015_5y_VD,Flood maps/Velocity/Concongella_2015/Concongella_5y_V_Max,Flood maps/Depths/Concongella_2015/Concongella_5y_d_Max
Flood maps/VelocityXDepth/Concongella_2015/Concongella_2015_10y_VD,Flood maps/Velocity/Concongella_2015/Concongella_10y_V_Max,Flood maps/Depths/Concongella_2015/Concongella_10y_d_Max
Flood maps/VelocityXDepth/Concongella_2015/Concongella_2015_20y_VD,Flood maps/Velocity/Concongella_2015/Concongella_20y_V_Max,Flood maps/Depths/Concongella_2015/Concongella_20y_d_Max
Flood maps/VelocityXDepth/Concongella_2015/Concongella_2015_50y_VD,Flood maps/Velocity/Concongella_2015/Concongella_50y_V_Max,Flood maps/Depths/Concongella_2015/Concongella_50y_d_Max
Flood maps/VelocityXDepth/Concongella_2015/Concongella_2015_100y_VD,Flood maps/Velocity/Concongella_2015/Concongella_100y_V_Max,Flood maps/Depths/Concongella_2015/Concongella_100y_d_Max
Flood maps/VelocityXDepth/Concongella_2015/Concongella_2015_200y_VD,Flood maps/Velocity/Concongella_2015/Concongella_200y_V_Max,Flood maps/Depths/Concongella_2015/Concongella_200y_d_Max
Flood maps/VelocityXDepth/Dimboola_2006/Dimboola_2006_5y_VD,Flood maps/Velocity/Dimboola_2006/Dimb03Vel5,Flood maps/Depths/Dimboola_2006/Dimb03Dep5
Flood maps/VelocityXDepth/Dimboola_2006/Dimboola_2006_10y_VD,Flood maps/Velocity/Dimboola_2006/Dimb03Vel10,Flood maps/Depths/Dimboola_2006/Dimb03Dep10
Flood maps/VelocityXDepth/Dimboola_2006/Dimboola_2006_20y_VD,Flood maps/Velocity/Dimboola_2006/Dimb03Vel20,Flood maps/Depths/Dimboola_2006/Dimb03Dep20
Flood maps/VelocityXDepth/Dimboola_2006/Dimboola_2006_50y_VD,Flood maps/Velocity/Dimboola_2006/Dimb03Vel50,Flood maps/Depths/Dimboola_2006/Dimb03Dep50
Flood maps/VelocityXDepth/Dimboola_2006/Dimboola_2006_100y_VD,Flood maps/Velocity/Dimboola_2006/Dimb03Vel100,Flood maps/Depths/Dimboola_2006/Dimb03Dep100
Flood maps/VelocityXDepth/Dimboola_2006/Dimboola_2006_200y_VD,Flood maps/Velocity/Dimboola_2006/Dimb03Vel200,Flood maps/Depths/Dimboola_2006/Dimb03Dep200
Flood maps/VelocityXDepth/Dunmunkle_2017/Dunmunkle_2017_5y_VD,Flood maps/Velocity/Dunmunkle_2017/Dunm17RvVelocityARI5,Flood maps/Depths/Dunmunkle_2017/Dunm17RvDepthARI5
Flood maps/VelocityXDepth/Dunmunkle_2017/Dunmunkle_2017_10y_VD,Flood maps/Velocity/Dunmunkle_2017/Dunm17RvVelocityARI10,Flood maps/Depths/Dunmunkle_2017/Dunm17RvDepthARI10
Flood maps/VelocityXDepth/Dunmunkle_2017/Dunmunkle_2017_20y_VD,Flood maps/Velocity/Dunmunkle_2017/Dunm17RvVelocityARI20,Flood maps/Depths/Dunmunkle_2017/Dunm17RvDepthARI20
Flood maps/VelocityXDepth/Dunmunkle_2017/Dunmunkle_2017_50y_VD,Flood maps/Velocity/Dunmunkle_2017/Dunm17RvVelocityARI50,Flood maps/Depths/Dunmunkle_2017/Dunm17RvDepthARI50
Flood maps/VelocityXDepth/Dunmunkle_2017/Dunmunkle_2017_100y_VD,Flood maps/Velocity/Dunmunkle_2017/Dunm17RvVelocityARI100,Flood maps/Depths/Dunmunkle_2017/Dunm17RvDepthARI100
Flood maps/VelocityXDepth/Dunmunkle_2017/Dunmunkle_2017_200y_VD,Flood maps/Velocity/Dunmunkle_2017/Dunm17RvVelocityARI200,Flood maps/Depths/Dunmunkle_2017/Dunm17RvDepthARI200
Flood maps/VelocityXDepth/Glenorchy_2006/Glenorchy_2006_10y_VD,Flood maps/Velocity/Glenorchy_2006/Glno06Vel10,Flood maps/Depths/Glenorchy_2006/Glno06Dep10
Flood maps/VelocityXDepth/Glenorchy_2006/Glenorchy_2006_50y_VD,Flood maps/Velocity/Glenorchy_2006/Glno06Vel50,Flood maps/Depths/Glenorchy_2006/Glno06Dep50
Flood maps/VelocityXDepth/Glenorchy_2006/Glenorchy_2006_100y_VD,Flood maps/Velocity/Glenorchy_2006/Glno06Vel100,Flood maps/Depths/Glenorchy_2006/Glno06Dep100
Flood maps/VelocityXDepth/HallsGap_2008/HallsGap_2008_10y_VD,Flood maps/Velocity/HallsGap_2008/HGap08Vel10,Flood maps/Depths/HallsGap_2008/HGap08Dep10
Flood maps/VelocityXDepth/HallsGap_2008/HallsGap_2008_20y_VD,Flood maps/Velocity/HallsGap_2008/HGap08Vel20,Flood maps/Depths/HallsGap_2008/HGap08Dep20
Flood maps/VelocityXDepth/HallsGap_2008/HallsGap_2008_50y_VD,Flood maps/Velocity/HallsGap_2008/HGap08Vel50,Flood maps/Depths/HallsGap_2008/HGap08Dep50
Flood maps/VelocityXDepth/HallsGap_2008/HallsGap_2008_100y_VD,Flood maps/Velocity/HallsGap_2008/HGap08Vel100,Flood maps/Depths/HallsGap_2008/HGap08Dep100
Flood maps/VelocityXDepth/HallsGap_2008/HallsGap_2008_200y_VD,Flood maps/Velocity/HallsGap_2008/HGap08Vel200,Flood maps/Depths/HallsGap_2008/HGap08Dep200
Flood maps/VelocityXDepth/HallsGap_2017/HallsGap_2017_5y_VD,Flood maps/Velocity/HallsGap_2017/HGAP17RvVelocityARI5,Flood maps/Depths/HallsGap_2017/HGAP17RvDepthARI5
Flood maps/VelocityXDepth/HallsGap_2017/HallsGap_2017_10y_VD,Flood maps/Velocity/HallsGap_2017/HGAP17RvVelocityARI10,Flood maps/Depths/HallsGap_2017/HGAP17RvDepthARI10
Flood maps/VelocityXDepth/HallsGap_2017/HallsGap_2017_20y_VD,Flood maps/Velocity/HallsGap_2017/HGAP17RvVelocityARI20,Flood maps/Depths/HallsGap_2017/HGAP17RvDepthAR20
Flood maps/VelocityXDepth/HallsGap_2017/HallsGap_2017_50y_VD,Flood maps/Velocity/HallsGap_2017/HGAP17RvVelocityARI50,Flood maps/Depths/HallsGap_2017/HGAP17RvDepthARI50
Flood maps/VelocityXDepth/HallsGap_2017/HallsGap_2017_100y_VD,Flood maps/Velocity/HallsGap_2017/HGAP17RvVelocityARI100,Flood maps/Depths/HallsGap_2017/HGAP17RvDepthARI100
Flood maps/VelocityXDepth/HallsGap_2017/HallsGap_2017_200y_VD,Flood maps/Velocity/HallsGap_2017/HGAP17RvVelocityARI200,Flood maps/Depths/HallsGap_2017/HGAP17RvDepthARI200
Flood maps/VelocityXDepth/HorshamBypass_2014/HorshamBypass_2014_5y_VD,Flood maps/Velocity/HorshamBypass_2014/Hors11Vel5,Flood maps/Depths/HorshamBypass_2014/Hors11Dep5
Flood maps/VelocityXDepth/HorshamBypass_2014/HorshamBypass_2014_10y_VD,Flood maps/Velocity/HorshamBypass_2014/HDx_10m_Horsham_Bypass_100yr_02_Burnt_Developed-Existing,Flood maps/Depths/HorshamBypass_2014/HDx_10m_Horsham_Bypass_100yr_02_depth0
Flood maps/VelocityXDepth/HorshamBypass_2014/HorshamBypass_2014_20y_VD,Flood maps/Velocity/HorshamBypass_2014/Hors11Vel20,Flood maps/Depths/HorshamBypass_2014/Hors11Dep20
Flood maps/VelocityXDepth/HorshamBypass_2014/HorshamBypass_2014_50y_VD,Flood maps/Velocity/HorshamBypass_2014/Hors11Vel50,Flood maps/Depths/HorshamBypass_2014/Hors11Dep50
Flood maps/VelocityXDepth/HorshamBypass_2014/HorshamBypass_2014_100y_VD,Flood maps/Velocity/HorshamBypass_2014/HDx_10m_Horsham_Bypass_100yr_02_Burnt_Developed-Existing,Flood maps/Depths/HorshamBypass_2014/HDx_10m_Horsham_Bypass_100yr_02_depth0
Flood maps/VelocityXDepth/HorshamBypass_2014/HorshamBypass_2014_200y_VD,Flood maps/Velocity/HorshamBypass_2014/Hors11Vel200,Flood maps/Depths/HorshamBypass_2014/Hors11Dep200
Flood maps/VelocityXDepth/HorshamWartook_2017/HorshamWartook_2017_5y_VD,Flood maps/Velocity/HorshamWartook_2017/Hors19RvVelocityARI5,Flood maps/Depths/HorshamWartook_2017/Hors19RvDepthARI5
Flood maps/VelocityXDepth/HorshamWartook_2017/HorshamWartook_2017_10y_VD,Flood maps/Velocity/HorshamWartook_2017/Hors19RvVelocityARI10,Flood maps/Depths/HorshamWartook_2017/Hors19RvDepthARI10
Flood maps/VelocityXDepth/HorshamWartook_2017/HorshamWartook_2017_20y_VD,Flood maps/Velocity/HorshamWartook_2017/Hors19RvVelocityARI20,Flood maps/Depths/HorshamWartook_2017/Hors19RvDepthARI20
Flood maps/VelocityXDepth/HorshamWartook_2017/HorshamWartook_2017_50y_VD,Flood maps/Velocity/HorshamWartook_2017/Hors19RvVelocityARI50,Flood maps/Depths/HorshamWartook_2017/Hors19RvDepthARI50
Flood maps/VelocityXDepth/HorshamWartook_2017/HorshamWartook_2017_100y_VD,Flood maps/Velocity/HorshamWartook_2017/Hors19RvVelocityARI100,Flood maps/Depths/HorshamWartook_2017/Hors19RvDepthARI100
Flood maps/VelocityXDepth/HorshamWartook_2017/HorshamWartook_2017_200y_VD,Flood maps/Velocity/HorshamWartook_2017/Hors19RvVelocityARI200,Flood maps/Depths/HorshamWartook_2017/Hors19RvDepthARI200
Flood maps/VelocityXDepth/Jeparit_2008/Jeparit_2008_10y_VD,Flood maps/Velocity/Jeparit_2008/Jepa08Vel10,Flood maps/Depths/Jeparit_2008/Jepa08Dep10
Flood maps/VelocityXDepth/Jeparit_2008/Jeparit_2008_20y_VD,Flood maps/Velocity/Jeparit_2008/Jepa08Vel20,Flood maps/Depths/Jeparit_2008/Jepa08Dep20
Flood maps/VelocityXDepth/Jeparit_2008/Jeparit_2008_50y_VD,Flood maps/Velocity/Jeparit_2008/Jepa08Vel50,Flood maps/Depths/Jeparit_2008/Jepa08Dep50
Flood maps/VelocityXDepth/Jeparit_2008/Jeparit_2008_100y_VD,Flood maps/Velocity/Jeparit_2008/Jepa08Vel100,Flood maps/Depths/Jeparit_2008/Jepa08Dep100
Flood maps/VelocityXDepth/LowerWimmera_2016/LowerWimmera_2016_5y_VD,Flood maps/Velocity/LowerWimmera_2016/Wimm16RvVelocityARI5,Flood maps/Depths/LowerWimmera_2016/Wimm16RvDepthARI5
Flood maps/VelocityXDepth/LowerWimmera_2016/LowerWimmera_2016_10y_VD,Flood maps/Velocity/LowerWimmera_2016/Wimm16RvVelocityARI10,Flood maps/Depths/LowerWimmera_2016/Wimm16RvDepthARI10
Flood maps/VelocityXDepth/LowerWimmera_2016/LowerWimmera_2016_20y_VD,Flood maps/Velocity/LowerWimmera_2016/Wimm16RvVelocityARI20,Flood maps/Depths/LowerWimmera_2016/Wimm16RvDepthARI20
Flood maps/VelocityXDepth/LowerWimmera_2016/LowerWimmera_2016_50y_VD,Flood maps/Velocity/LowerWimmera_2016/Wimm16RvVelocityARI50,Flood maps/Depths/LowerWimmera_2016/Wimm16RvDepthARI50
Flood maps/VelocityXDepth/LowerWimmera_2016/LowerWimmera_2016_100y_VD,Flood maps/Velocity/LowerWimmera_2016/Wimm16RvVelocityARI100,Flood maps/Depths/LowerWimmera_2016/Wimm16RvDepthARI100
Flood maps/VelocityXDepth/LowerWimmera_2016/LowerWimmera_2016_200y_VD,Flood maps/Velocity/LowerWimmera_2016/Wimm16RvVelocityARI200,Flood maps/Depths/LowerWimmera_2016/Wimm16RvDepthARI200
Flood maps/VelocityXDepth/MountWilliam_2014/MountWilliam_2014_5y_VD,Flood maps/Velocity/MountWilliam_2014/MTW_E01_5Y_050_V_MAX,Flood maps/Depths/MountWilliam_2014/MTW_E01_5Y_050_D_MAX
Flood maps/VelocityXDepth/MountWilliam_2014/MountWilliam_2014_10y_VD,Flood maps/Velocity/MountWilliam_2014/MTW_CC01_10Y_050_V_MAX,Flood maps/Depths/MountWilliam_2014/MTW_CC01_10Y_050_D_MAX
Flood maps/VelocityXDepth/MountWilliam_2014/MountWilliam_2014_20y_VD,Flood maps/Velocity/MountWilliam_2014/MTW_E01_20Y_050_V_MAX,Flood maps/Depths/MountWilliam_2014/MTW_E01_20Y_050_D_MAX
Flood maps/VelocityXDepth/MountWilliam_2014/MountWilliam_2014_50y_VD,Flood maps/Velocity/MountWilliam_2014/MTW_E01_50Y_050_V_MAX,Flood maps/Depths/MountWilliam_2014/MTW_E01_50Y_050_D_MAX
Flood maps/VelocityXDepth/MountWilliam_2014/MountWilliam_2014_100y_VD,Flood maps/Velocity/MountWilliam_2014/MTW_CC01_100Y_050_V_MAX,Flood maps/Depths/MountWilliam_2014/MTW_CC01_100Y_050_D_MAX
Flood maps/VelocityXDepth/MountWilliam_2014/MountWilliam_2014_200y_VD,Flood maps/Velocity/MountWilliam_2014/MTW_CC01_200Y_050_V_MAX,Flood maps/Depths/MountWilliam_2014/MTW_CC01_200Y_050_D_MAX
Flood maps/VelocityXDepth/Natimuk_2013/Natimuk_2013_5y_VD,Flood maps/Velocity/Natimuk_2013/MFX_Nat_5yr_72hr_FINAL_01_V0,Flood maps/Depths/Natimuk_2013/dep_5y
Flood maps/VelocityXDepth/Natimuk_2013/Natimuk_2013_10y_VD,Flood maps/Velocity/Natimuk_2013/MFX_Nat_10yr_72hr_FINAL_01_V0,Flood maps/Depths/Natimuk_2013/dep_10y
Flood maps/VelocityXDepth/Natimuk_2013/Natimuk_2013_20y_VD,Flood maps/Velocity/Natimuk_2013/MFX_Nat_20yr_30hr_FINAL_01_v0,Flood maps/Depths/Natimuk_2013/dep_20y
Flood maps/VelocityXDepth/Natimuk_2013/Natimuk_2013_50y_VD,Flood maps/Velocity/Natimuk_2013/MFX_Nat_50yr_FINAL_30hr_01_v0,Flood maps/Depths/Natimuk_2013/dep_50y
Flood maps/VelocityXDepth/Natimuk_2013/Natimuk_2013_100y_VD,Flood maps/Velocity/Natimuk_2013/MFX_Nat_100yr_18hr_FINAL_01_CC_V0,Flood maps/Depths/Natimuk_2013/dep_100y
Flood maps/VelocityXDepth/Natimuk_2013/Natimuk_2013_200y_VD,Flood maps/Velocity/Natimuk_2013/MFX_Nat_200yr_12hr_FINAL_GSDM_01_CC_V0,Flood maps/Depths/Natimuk_2013/dep_200y
Flood maps/VelocityXDepth/UpperWimmera_2014/UpperWimmera_2014_5y_VD,Flood maps/Velocity/UpperWimmera_2014/UW_E01_5y_052_V_Max_g007.50,Flood maps/Depths/UpperWimmera_2014/UW_E01_5y_052_D_Max_g007.50
Flood maps/VelocityXDepth/UpperWimmera_2014/UpperWimmera_2014_10y_VD,Flood maps/Velocity/UpperWimmera_2014/UW_CC01_10y_052_V_Max_g007.50,Flood maps/Depths/UpperWimmera_2014/UW_CC01_10y_052_D_Max_g007.50
Flood maps/VelocityXDepth/UpperWimmera_2014/UpperWimmera_2014_20y_VD,Flood maps/Velocity/UpperWimmera_2014/UW_E01_20y_052_V_Max_g007.50,Flood maps/Depths/UpperWimmera_2014/UW_E01_20y_052_D_Max_g007.50
Flood maps/VelocityXDepth/UpperWimmera_2014/UpperWimmera_2014_50y_VD,Flood maps/Velocity/UpperWimmera_2014/UW_CC01_100y_052_V_Max_g007.50,Flood maps/Depths/UpperWimmera_2014/UW_CC01_100y_052_D_Max_g007.50
Flood maps/VelocityXDepth/UpperWimmera_2014/UpperWimmera_2014_100y_VD,Flood maps/Velocity/UpperWimmera_2014/UW_CC01_100y_052_V_Max_g007.50,Flood maps/Depths/UpperWimmera_2014/UW_CC01_100y_052_D_Max_g007.50
Flood maps/VelocityXDepth/UpperWimmera_2014/UpperWimmera_2014_200y_VD,Flood maps/Velocity/UpperWimmera_2014/UW_CC01_200y_052_V_Max_g007.50,Flood maps/Depths/UpperWimmera_2014/UW_CC01_200y_052_D_Max_g007.50
Flood maps/VelocityXDepth/WarracknabealBrim_2016/WarracknabealBrim_2016_5y_VD,Flood maps/Velocity/WarracknabealBrim_2016/WaBr15Vel5,Flood maps/Depths/WarracknabealBrim_2016/WaBr15Dep5
Flood maps/VelocityXDepth/WarracknabealBrim_2016/WarracknabealBrim_2016_10y_VD,Flood maps/Velocity/WarracknabealBrim_2016/WaBr15Vel10,Flood maps/Depths/WarracknabealBrim_2016/WaBr15Dep10
Flood maps/VelocityXDepth/WarracknabealBrim_2016/WarracknabealBrim_2016_20y_VD,Flood maps/Velocity/WarracknabealBrim_2016/WaBr15Vel20,Flood maps/Depths/WarracknabealBrim_2016/WaBr15Dep20
Flood maps/VelocityXDepth/WarracknabealBrim_2016/WarracknabealBrim_2016_50y_VD,Flood maps/Velocity/WarracknabealBrim_2016/WaBr15Vel50,Flood maps/Depths/WarracknabealBrim_2016/WaBr15Dep50
Flood maps/VelocityXDepth/WarracknabealBrim_2016/WarracknabealBrim_2016_100y_VD,Flood maps/Velocity/WarracknabealBrim_2016/WaBr15Vel100,Flood maps/Depths/WarracknabealBrim_2016/WaBr15Dep100
Flood maps/VelocityXDepth/WarracknabealBrim_2016/WarracknabealBrim_2016_200y_VD,Flood maps/Velocity/WarracknabealBrim_2016/WaBr15Vel200,Flood maps/Depths/WarracknabealBrim_2016/WaBr15Dep200
Flood maps/VelocityXDepth/Warracknabeal_2006/Warracknabeal_2006_10y_VD,Flood maps/Velocity/Warracknabeal_2006/Wrak07Vel10,Flood maps/Depths/Warracknabeal_2006/Wrak07Dep10
Flood maps/VelocityXDepth/Warracknabeal_2006/Warracknabeal_2006_20y_VD,Flood maps/Velocity/Warracknabeal_2006/Wrak07Vel20,Flood maps/Depths/Warracknabeal_2006/Wrak07Dep20
Flood maps/VelocityXDepth/Warracknabeal_2006/Warracknabeal_2006_50y_VD,Flood maps/Velocity/Warracknabeal_2006/Wrak07Vel50,Flood maps/Depths/Warracknabeal_2006/Wrak07Dep50
Flood maps/VelocityXDepth/Warracknabeal_2006/Warracknabeal_2006_100y_VD,Flood maps/Velocity/Warracknabeal_2006/Wrak07Vel100,Flood maps/Depths/Warracknabeal_2006/Wrak07Dep100
